,0,1,2,3,4,5,6
0,Map it,,CARRYING PROHIBITED,,24 ST & N. JEFFERSON ST,Wilmington Police,5-19-2022 7:34 PM
1,Map it,,LARCENY/FROM BANK FROM BUILDING,,2200 BLOCK NW 11TH ST,Wilmington Police,5-19-2022 7:16 PM
2,Map it,,LARCENY/FROM BUILDING,,400 BLOCK S MARKET ST,Wilmington Police,5-19-2022 3:48 PM
3,Map it,,DAMAGE/PRIVATE PROPERTY,,1700 BLOCK 18TH ST,Wilmington Police,5-19-2022 2:49 PM
4,Map it,,LARCENY/FROM ALL OTHER YARDS,,1900 BLOCK W. NINETEENTH ST,Wilmington Police,5-19-2022 9:18 AM
5,Map it,,DAMAGE/PRIVATE PROPERTY,,000 BLOCK 27TH ST,Wilmington Police,5-18-2022 10:35 PM
6,Map it,,BURGLARY/FORCED ENTRY/RESIDENCE,,1000 BLOCK PINE ST,Wilmington Police,5-18-2022 9:40 PM
7,Map it,,VEHICLE THEFT,,1500 BLOCK SE BANNING ST,Wilmington Police,5-18-2022 9:26 PM
8,Map it,,OFFENSIVE TOUCHING/OTHER ASSAULTS/NON-AGGRAVATED,,700 BLOCK 4TH ST,Wilmington Police,5-18-2022 9:18 PM
9,Map it,,VEHICLE THEFT LOCALLY STOLEN-RECOVERED OTHER,,1000 BLOCK NW TWENTY FOURTH ST,Wilmington Police,5-18-2022 2:47 PM
10,Map it,,OFFENSIVE TOUCHING/OTHER ASSAULTS/NON-AGGRAVATED,,THATCHER ST,Wilmington Police,5-18-2022 9:53 AM
11,Map it,,"ROBBERY/CARJACKING/STRONG-ARM HIGHWAY,STREET,ALLEY",,600 BLOCK BANCROFT PKY,Wilmington Police,5-18-2022 6:08 AM
12,Map it,,LARCENY/FROM VEHICLE/NOT ATTACHED,,1100 BLOCK N N. WEST ST,Wilmington Police,5-18-2022 5:59 AM
13,Map it,,DAMAGE/PRIVATE PROPERTY,,300 BLOCK SW HEALD ST,Wilmington Police,5-17-2022 11:07 PM
14,Map it,,DAMAGE/PRIVATE PROPERTY,,1200 BLOCK NW LANCASTER AVE,Wilmington Police,5-17-2022 9:03 PM
0,Map it,,CARRYING PROHIBITED,,600 BLOCK N HARRISON ST,Wilmington Police,5-17-2022 8:00 PM
1,Map it,,BURGLARY/FORCED ENTRY/RESIDENCE,,200 BLOCK 28TH ST,Wilmington Police,5-17-2022 3:47 PM
2,Map it,,ROBBERY/CARJACKING/STRONG-ARM RESIDENCE,,300 BLOCK E. FIFTH ST,Wilmington Police,5-17-2022 12:09 PM
3,Map it,,LARCENY/FROM ALL OTHER YARDS,,500 BLOCK VANDEVER AVE,Wilmington Police,5-17-2022 9:11 AM
4,Map it,,VEHICLE THEFT,,400 BLOCK SE M.L. KING JR. MEM HWY,Wilmington Police,5-17-2022 4:57 AM
5,Map it,,AGGRAVATED ASSAULT/NON-FAMILY FIREARM,,2500 BLOCK NE N. JEFFERSON ST,Wilmington Police,5-16-2022 5:55 PM
6,Map it,,SIMPLE ASSAULT/NON-FAMILY/OTHER ASSAULTS/NON-AGGRAVATED,,600 BLOCK WASHINGTON ST,Wilmington Police,5-16-2022 5:35 PM
7,Map it,,LARCENY/SHOPLIFTING,,500 BLOCK WALNUT ST,Wilmington Police,5-16-2022 4:56 PM
8,Map it,,OFFENSIVE TOUCHING/OTHER ASSAULTS/NON-AGGRAVATED,,300 BLOCK S S. HARRISON ST,Wilmington Police,5-16-2022 12:42 PM
9,Map it,,LARCENY/FROM VEHICLE/NOT ATTACHED,,1300 BLOCK SW CLIFFORD BROWN WALK,Wilmington Police,5-16-2022 8:44 AM
10,Map it,,THEFT/OTHER MOTOR VEHICLE,,1300 BLOCK SE READ ST,Wilmington Police,5-16-2022 4:55 AM
11,Map it,,DAMAGE/BUSINESS PROPERTY,,3400 BLOCK MARKET ST,Wilmington Police,5-16-2022 3:34 AM
12,Map it,,AGGRAVATED ASSAULT/NON-FAMILY FIREARM,,2400 BLOCK JESSUP ST,Wilmington Police,5-15-2022 7:53 PM
13,Map it,,DAMAGE/PRIVATE PROPERTY,,000 BLOCK N CORBIN CT,Wilmington Police,5-15-2022 6:50 PM
14,Map it,,OFFENSIVE TOUCHING/OTHER ASSAULTS/NON-AGGRAVATED,,3200 BLOCK KIRKWOOD HWY,Delaware State Police,5-15-2022 5:51 PM
0,Map it,,DAMAGE/PRIVATE PROPERTY,,000 BLOCK 24TH ST,Wilmington Police,5-15-2022 4:23 PM
1,Map it,,DAMAGE/PRIVATE PROPERTY,,2700 BLOCK S 6TH ST,Wilmington Police,5-15-2022 12:57 PM
2,Map it,,LARCENY/FROM VEHICLE/NOT ATTACHED,,800 BLOCK SW N. MARKET ST,Wilmington Police,5-15-2022 12:06 PM
3,Map it,,LARCENY/FROM ALL OTHER YARDS,,N. WEST NE ST & 26TH ST,Wilmington Police,5-15-2022 9:48 AM
4,Map it,,THEFT/FALSE PRETENSE OR PROMISE,,1200 BLOCK CENTERVILLE RD,Delaware State Police,5-15-2022 9:42 AM
5,Map it,,DAMAGE/PRIVATE PROPERTY,,700 BLOCK JACKSON ST,Wilmington Police,5-15-2022 7:30 AM
6,Map it,,DAMAGE/PRIVATE PROPERTY,,000 BLOCK 24TH ST,Wilmington Police,5-14-2022 11:34 PM
7,Map it,,OFFENSIVE TOUCHING/OTHER ASSAULTS/NON-AGGRAVATED,,100 BLOCK 24TH ST,Wilmington Police,5-14-2022 9:18 PM
8,Map it,,VEHICLE THEFT LOCALLY STOLEN-RECOVERED OTHER,,1800 BLOCK FOURTH ST,Wilmington Police,5-14-2022 6:28 PM
9,Map it,,LARCENY/SHOPLIFTING,,3300 BLOCK SE LANCASTER PIKE,Delaware State Police,5-14-2022 6:07 PM
10,Map it,,LARCENY/FROM ALL OTHER YARDS,,1200 BLOCK CENTERVILLE RD,Delaware State Police,5-14-2022 4:50 PM
11,Map it,,LARCENY/SHOPLIFTING,,3200 BLOCK KIRKWOOD HWY,Delaware State Police,5-14-2022 4:31 PM
12,Map it,,LARCENY/FROM BUILDING,,2400 BLOCK NORTHEAST BLVD,Wilmington Police,5-14-2022 2:47 PM
13,Map it,,"ROBBERY/CARJACKING/STRONG-ARM COMMERCIAL HOUSE(EXCEPT C,D,F)",,800 BLOCK SW N. MARKET ST,Wilmington Police,5-14-2022 2:45 PM
14,Map it,,FRAUD/ILLEGAL USE OF CREDIT CARDS,,800 BLOCK FRANKLIN ST,Wilmington Police,5-14-2022 2:18 PM
0,Map it,,BURGLARY/FORCED ENTRY/RESIDENCE,,1000 BLOCK ADAMS ST,Wilmington Police,5-14-2022 1:15 PM
1,Map it,,LARCENY/FROM BUILDING,,700 BLOCK S 7TH ST,Wilmington Police,5-14-2022 11:05 AM
2,Map it,,LARCENY/FROM VEHICLE/NOT ATTACHED,,400 BLOCK SE DELAWARE AVE,Wilmington Police,5-14-2022 10:51 AM
3,Map it,,DAMAGE/PRIVATE PROPERTY,,400 BLOCK N 7TH ST,Wilmington Police,5-14-2022 10:08 AM
4,Map it,,LARCENY/FROM BUILDING,,3000 BLOCK NORTHEAST BLVD,Wilmington Police,5-14-2022 9:37 AM
5,Map it,,LARCENY/VEHICLE PARTS/FROM AUTO/ATTACHED,,1000 BLOCK 27TH ST,Wilmington Police,5-14-2022 8:24 AM
6,Map it,,DISTURBING THE PEACE/PUBLIC NUISANCE,,1700 BLOCK NE PINE ST,Wilmington Police,5-14-2022 8:04 AM
7,Map it,,DAMAGE/BUSINESS PROPERTY,,4300 BLOCK S GOVERNOR PRINTZ BLVD,Delaware State Police,5-14-2022 2:02 AM
8,Map it,,INTIMIDATION/RECKLESS ENDANGER/TERRORISTIC THREAT/HARASSMENT/OTHER ASSAULTS/NON-AGGRAVATED,,1700 BLOCK SE LOVERING AVE,Wilmington Police,5-13-2022 11:13 PM
9,Map it,,AGGRAVATED ASSAULT/NON-FAMILY OTHER DANGEROUS WEAPON,,800 BLOCK CHURCH ST,Wilmington Police,5-13-2022 9:43 PM
10,Map it,,INTIMIDATION/RECKLESS ENDANGER/TERRORISTIC THREAT/HARASSMENT/OTHER ASSAULTS/NON-AGGRAVATED,,900 BLOCK CLIFFORD BROWN WALK,Wilmington Police,5-13-2022 9:10 PM
11,Map it,,LARCENY/SHOPLIFTING,,2000 BLOCK KIRKWOOD HW,Delaware State Police,5-13-2022 8:23 PM
12,Map it,,LARCENY/FROM BUILDING,,2100 BLOCK WASHINGTON ST,Wilmington Police,5-13-2022 7:53 PM
13,Map it,,AGGRAVATED ASSAULT/NON-FAMILY FIREARM,,2400 BLOCK BAYNARD BLVD,Wilmington Police,5-13-2022 7:26 PM
14,Map it,,DAMAGE/PRIVATE PROPERTY,,900 BLOCK SE LINDEN ST,Wilmington Police,5-13-2022 7:06 PM
0,Map it,,DAMAGE/PRIVATE PROPERTY,,3700 BLOCK WASHINGTON ST,Wilmington Police,5-13-2022 5:03 PM
1,Map it,,BURGLARY/FORCED ENTRY/NONRESIDENCE,,1200 BLOCK 4TH ST,Wilmington Police,5-13-2022 3:38 PM
2,Map it,,ROBBERY/CARJACKING/STRONG-ARM BANK,,900 BLOCK S MARKET ST,Wilmington Police,5-13-2022 2:37 PM
3,Map it,,LARCENY/FROM ALL OTHER YARDS,,FRANKLIN / MAPLE S ST & MAPLE ST,Wilmington Police,5-13-2022 1:05 PM
4,Map it,,AGGRAVATED ASSAULT/NON-FAMILY FIREARM,,000 BLOCK 24TH ST,Wilmington Police,5-13-2022 12:08 PM
5,Map it,,LARCENY/FROM VEHICLE/NOT ATTACHED,,100 BLOCK N 11TH ST,Wilmington Police,5-13-2022 11:58 AM
6,Map it,,AGGRAVATED ASSAULT/NON-FAMILY KNIFE/CUTTING INSTRUMENT,,1000 BLOCK MARKET ST,Delaware State Police,5-13-2022 10:26 AM
7,Map it,,DAMAGE/PRIVATE PROPERTY,,2700 BLOCK S 3RD ST,Wilmington Police,5-13-2022 7:58 AM
8,Map it,,LARCENY/FROM VEHICLE/NOT ATTACHED,,700 BLOCK N ORANGE ST,Wilmington Police,5-13-2022 7:03 AM
9,Map it,,LARCENY/SHOPLIFTING,,3600 BLOCK MILLER RD,Delaware State Police,5-13-2022 6:03 AM
10,Map it,,DAMAGE/PRIVATE PROPERTY,,400 BLOCK SW CLAYMONT ST,Wilmington Police,5-13-2022 12:45 AM
11,Map it,,INTIMIDATION/RECKLESS ENDANGER/TERRORISTIC THREAT/HARASSMENT/OTHER ASSAULTS/NON-AGGRAVATED,,600 BLOCK MADISON ST,Wilmington Police,5-13-2022 12:26 AM
12,Map it,,AGGRAVATED ASSAULT/NON-FAMILY FIREARM,,MAPLE NW ST & S. HARRISON ST,Wilmington Police,5-12-2022 7:50 PM
13,Map it,,SIMPLE ASSAULT/NON-FAMILY/OTHER ASSAULTS/NON-AGGRAVATED,,700 BLOCK SE SEVENTH ST,Wilmington Police,5-12-2022 6:46 PM
14,Map it,,LARCENY/SHOPLIFTING,,3200 BLOCK KIRKWOOD HWY,Delaware State Police,5-12-2022 6:00 PM
0,Map it,,PUBLIC PEACE/FREE TEXT/CRIMINAL NUISANCE,,500 BLOCK 14TH ST,Wilmington Police,5-12-2022 5:54 PM
1,Map it,,LARCENY/FROM VEHICLE/NOT ATTACHED,,1000 BLOCK SE SEVENTH ST,Wilmington Police,5-12-2022 4:41 PM
2,Map it,,FALSIFYING/TAMPERING WITH BUSINESS DOCUMENTS,,700 BLOCK S LINCOLN ST,Wilmington Police,5-12-2022 4:35 PM
3,Map it,,CARRYING PROHIBITED,,400 BLOCK 3RD ST,Wilmington Police,5-12-2022 4:05 PM
4,Map it,,OFFENSIVE TOUCHING/OTHER ASSAULTS/NON-AGGRAVATED,,1300 BLOCK 4TH ST,Wilmington Police,5-12-2022 3:45 PM
5,Map it,,VEHICLE THEFT LOCALLY STOLEN-LOCALLY RECOVER,,200 BLOCK STROUD ST,Wilmington Police,5-12-2022 2:53 PM
6,Map it,,LARCENY/FROM BUILDING,,300 BLOCK HARRISON ST,Wilmington Police,5-12-2022 2:41 PM
7,Map it,,LARCENY/SHOPLIFTING,,3600 BLOCK SW MILLER RD,Delaware State Police,5-12-2022 12:10 PM
8,Map it,,VEHICULAR ASSAULT/NO INTENT/OTHER ASSAULTS/NON-AGGRAVATED,,NEWPORT PIKE & LATIMER ST,Delaware State Police,5-12-2022 11:06 AM
9,Map it,,VEHICLE THEFT LOCALLY STOLEN-LOCALLY RECOVER,,800 BLOCK 9TH ST,Wilmington Police,5-12-2022 11:03 AM
10,Map it,,LARCENY/VEHICLE PARTS/FROM AUTO/ATTACHED,,500 BLOCK NE DUPONT ST,Wilmington Police,5-12-2022 10:59 AM
11,Map it,,DAMAGE/BUSINESS PROPERTY,,000 BLOCK BUENA VISTA ST,Wilmington Police,5-12-2022 10:41 AM
12,Map it,,LARCENY/FROM ALL OTHER YARDS,,1200 BLOCK SE 2ND ST,Wilmington Police,5-12-2022 9:26 AM
13,Map it,,LARCENY/FROM VEHICLE/NOT ATTACHED,,200 BLOCK S 11TH ST,Wilmington Police,5-12-2022 9:00 AM
14,Map it,,DAMAGE/PRIVATE PROPERTY,,1300 BLOCK 4TH ST,Wilmington Police,5-12-2022 8:24 AM
0,Map it,,"ROBBERY/CARJACKING/OTHER WEAPON HIGHWAY,STREET,ALLEY",,200 BLOCK NE BROOM ST,Wilmington Police,5-12-2022 6:56 AM
1,Map it,,VEHICLE THEFT LOCALLY STOLEN-LOCALLY RECOVER,,800 BLOCK 17TH ST,Wilmington Police,5-11-2022 11:31 PM
2,Map it,,AGGRAVATED ASSAULT/NON-FAMILY FIREARM,,300 BLOCK N E 23RD ST,Wilmington Police,5-11-2022 11:07 PM
3,Map it,,BURGLARY/NO FORCED ENTRY/RESIDENCE,,000 BLOCK JACKSON ST,Wilmington Police,5-11-2022 4:31 PM
4,Map it,,LARCENY/SHOPLIFTING,,800 BLOCK NE PHILADELPHIA PIKE,Delaware State Police,5-11-2022 4:25 PM
5,Map it,,SIMPLE ASSAULT/NON-FAMILY/OTHER ASSAULTS/NON-AGGRAVATED,,600 BLOCK MARKET ST,Wilmington Police,5-11-2022 4:18 PM
6,Map it,,ROBBERY/CARJACKING/GUN HIGHWAY/STREET/ALLEY,,200 BLOCK 28TH ST,Wilmington Police,5-11-2022 3:47 PM
7,Map it,,LARCENY/FROM ALL OTHER YARDS,,4000 BLOCK N NEW CASTLE AVE,Delaware State Police,5-11-2022 3:41 PM
8,Map it,,ROBBERY/CARJACKING/GUN HIGHWAY/STREET/ALLEY,,100 BLOCK N DELAMORE PL,Wilmington Police,5-11-2022 2:49 PM
9,Map it,,DAMAGE/BUSINESS PROPERTY,,1300 BLOCK KING ST,Wilmington Police,5-11-2022 1:38 PM
10,Map it,,INTIMIDATION/RECKLESS ENDANGER/TERRORISTIC THREAT/HARASSMENT/OTHER ASSAULTS/NON-AGGRAVATED,,5100 BLOCK NE NORTHEAST BLVD,Delaware State Police,5-11-2022 11:37 AM
11,Map it,,LARCENY/FROM VEHICLE/NOT ATTACHED,,700 BLOCK W VAN BUREN ST,Wilmington Police,5-11-2022 10:14 AM
12,Map it,,LARCENY/SHOPLIFTING,,3200 BLOCK KIRKWOOD HWY,Delaware State Police,5-11-2022 9:45 AM
13,Map it,,LARCENY/FROM ALL OTHER YARDS,,GEMAY DR,Delaware State Police,5-11-2022 9:34 AM
14,Map it,,LARCENY/FROM VEHICLE/NOT ATTACHED,,800 BLOCK BROOM ST,Wilmington Police,5-11-2022 9:17 AM
0,Map it,,ROBBERY/CARJACKING/GUN HIGHWAY/STREET/ALLEY,,600 BLOCK N FRANKLIN ST,Wilmington Police,5-11-2022 8:50 AM
1,Map it,,VEHICLE THEFT,,3500 BLOCK MILLER RD,Delaware State Police,5-10-2022 8:28 PM
2,Map it,,POSSESSION OF WEAPON,,400 BLOCK 3RD ST,Wilmington Police,5-10-2022 5:40 PM
3,Map it,,LARCENY/SHOPLIFTING,,1200 BLOCK CENTERVILLE RD,Delaware State Police,5-10-2022 5:00 PM
4,Map it,,LARCENY/FROM BUILDING,,3600 BLOCK MILLER RD,Delaware State Police,5-10-2022 4:48 PM
5,Map it,,AGGRAVATED ASSAULT/NON-FAMILY FIREARM,,1200 BLOCK S 5TH ST,Wilmington Police,5-10-2022 4:27 PM
6,Map it,,LARCENY/FROM VEHICLE/NOT ATTACHED,,500 BLOCK 29TH ST,Wilmington Police,5-10-2022 2:48 PM
7,Map it,,LARCENY/SHOPLIFTING,,3200 BLOCK W KIRKWOOD HWY,Delaware State Police,5-10-2022 1:25 PM
8,Map it,,DISORDERLY CONDUCT/UNRELATED TO LIQUOR,,100 BLOCK 10TH ST,Wilmington Police,5-10-2022 12:44 PM
9,Map it,,VEHICLE THEFT LOCALLY STOLEN-LOCALLY RECOVER,,2700 BLOCK SE 6TH ST,Wilmington Police,5-10-2022 10:08 AM
10,Map it,,LARCENY/FROM ALL OTHER YARDS,,500 BLOCK SW HIGH SPEED WAY,Wilmington Police,5-10-2022 9:16 AM
11,Map it,,BURGLARY/NO FORCED ENTRY/NONRESIDENCE,,500 BLOCK S SHIPLEY ST,Wilmington Police,5-10-2022 7:39 AM
12,Map it,,LARCENY/FROM VEHICLE/NOT ATTACHED,,100 BLOCK 9TH ST,Delaware State Police,5-10-2022 1:30 AM
13,Map it,,DAMAGE/PUBLIC PROPERTY,,3600 BLOCK JEFFERSON ST,Wilmington Police,5-9-2022 8:27 PM
14,Map it,,BURGLARY/NO FORCED ENTRY/RESIDENCE,,600 BLOCK 5TH ST,Wilmington Police,5-9-2022 8:02 PM
0,Map it,,LARCENY/SHOPLIFTING,,500 BLOCK WALNUT ST,Wilmington Police,5-9-2022 4:17 PM
1,Map it,,AGGRAVATED ASSAULT/NON-FAMILY FIREARM,,KENNETT PIKE & MONTHANIN RD,Delaware State Police,5-9-2022 3:38 PM
2,Map it,,LARCENY/SHOPLIFTING,,2100 BLOCK W KIRKWOOD HWY,Delaware State Police,5-9-2022 3:35 PM
3,Map it,,POSSESSION OF WEAPON,,800 BLOCK KING ST,Wilmington Police,5-9-2022 3:29 PM
4,Map it,,OFFENSIVE TOUCHING/OTHER ASSAULTS/NON-AGGRAVATED,,3200 BLOCK E KIRKWOOD HWY,Delaware State Police,5-9-2022 3:23 PM
5,Map it,,LARCENY/FROM VEHICLE/NOT ATTACHED,,1300 BLOCK MARKET ST,Wilmington Police,5-9-2022 3:15 PM
6,Map it,,OFFENSIVE TOUCHING/OTHER ASSAULTS/NON-AGGRAVATED,,600 BLOCK 34TH ST,Wilmington Police,5-9-2022 3:00 PM
7,Map it,,AGGRAVATED ASSAULT/NON-FAMILY FIREARM,,2300 BLOCK SW PINE ST,Wilmington Police,5-9-2022 2:36 PM
8,Map it,,IMPERSONATION,,900 BLOCK 27TH ST,Wilmington Police,5-9-2022 1:08 PM
9,Map it,,FRAUD BY WIRE,,2600 BLOCK N WASHINGTON ST,Wilmington Police,5-9-2022 12:09 PM
10,Map it,,OFFENSIVE TOUCHING/OTHER ASSAULTS/NON-AGGRAVATED,,600 BLOCK SW MARKET ST,Wilmington Police,5-9-2022 7:07 AM
11,Map it,,AGGRAVATED ASSAULT/NON-FAMILY FIREARM,,600 BLOCK S WEST ST,Wilmington Police,5-9-2022 6:44 AM
12,Map it,,DRIVING UNDER THE INFLUENCE/LIQUOR,,ON PHILADELPHIA PIKE US13B 115.61 FEET NORTH EAST FROM NANC,Delaware State Police,5-9-2022 6:13 AM
13,Map it,,LARCENY/VEHICLE PARTS/FROM AUTO/ATTACHED,,400 BLOCK N LOMBARD ST,Wilmington Police,5-9-2022 5:30 AM
14,Map it,,ROBBERY/CARJACKING/GUN HIGHWAY/STREET/ALLEY,,200 BLOCK S FIFTH AVE,Wilmington Police,5-8-2022 9:43 PM
0,Map it,,LARCENY/SHOPLIFTING,,3300 BLOCK SE LANCASTER PIKE,Delaware State Police,5-8-2022 9:22 PM
1,Map it,,AGGRAVATED ASSAULT/NON-FAMILY FIREARM,,2400 BLOCK THATCHER ST,Wilmington Police,5-8-2022 8:58 PM
2,Map it,,BURGLARY/NO FORCED ENTRY/RESIDENCE,,300 BLOCK NW TWENTY FIRST ST,Wilmington Police,5-8-2022 7:00 PM
3,Map it,,VEHICLE THEFT LOCALLY STOLEN-LOCALLY RECOVER,,2500 BLOCK SW JEFFERSON ST,Wilmington Police,5-8-2022 6:34 PM
4,Map it,,OFFENSIVE TOUCHING/OTHER ASSAULTS/NON-AGGRAVATED,,200 BLOCK TWENTY FIFTH ST,Wilmington Police,5-8-2022 5:37 PM
5,Map it,,SIMPLE ASSAULT/NON-FAMILY/OTHER ASSAULTS/NON-AGGRAVATED,,1000 BLOCK ADAMS ST,Wilmington Police,5-8-2022 5:09 PM
6,Map it,,THEFT/FALSE PRETENSE OR PROMISE,,1600 BLOCK NEWPORT PI,Delaware State Police,5-8-2022 4:53 PM
7,Map it,,LARCENY/FROM BUILDING,,1300 BLOCK 28TH ST,Wilmington Police,5-8-2022 1:34 PM
8,Map it,,DAMAGE/PRIVATE PROPERTY,,200 BLOCK NE HARRISON ST,Wilmington Police,5-8-2022 1:00 PM
9,Map it,,LARCENY/FROM VEHICLE/NOT ATTACHED,,600 BLOCK NE VANBUREN ST,Wilmington Police,5-8-2022 11:38 AM
10,Map it,,LARCENY/FROM BUILDING,,1200 BLOCK S MARYLAND AVE,Wilmington Police,5-8-2022 10:45 AM
11,Map it,,THEFT/OTHER MOTOR VEHICLE,,1000 BLOCK S NEWPORT PIKE,Delaware State Police,5-8-2022 8:47 AM
12,Map it,,LARCENY/VEHICLE PARTS/FROM AUTO/ATTACHED,,200 BLOCK 35TH ST,Wilmington Police,5-7-2022 10:35 PM
13,Map it,,LARCENY/FROM BUILDING,,300 BLOCK S SIXTH AVE,Wilmington Police,5-7-2022 9:47 PM
14,Map it,,LARCENY/SHOPLIFTING,,SETROLLEY SQ,Wilmington Police,5-7-2022 6:06 PM
0,Map it,,BURGLARY/NO FORCED ENTRY/RESIDENCE,,400 BLOCK N 20TH ST,Wilmington Police,5-7-2022 6:00 PM
1,Map it,,OFFENSIVE TOUCHING/OTHER ASSAULTS/NON-AGGRAVATED,,600 BLOCK NE BROOM ST,Wilmington Police,5-7-2022 4:47 PM
2,Map it,,FRAUD/ILLEGAL USE OF CREDIT CARDS,,1200 BLOCK N HARRISON ST,Wilmington Police,5-7-2022 3:49 PM
3,Map it,,LARCENY/FROM VEHICLE/NOT ATTACHED,,900 BLOCK VANDEVER AVE,Wilmington Police,5-7-2022 3:41 PM
4,Map it,,VEHICLE THEFT,,400 BLOCK S 34TH ST,Wilmington Police,5-7-2022 2:38 PM
5,Map it,,LARCENY/FROM ALL OTHER YARDS,,1500 BLOCK NW BEECH ST,Wilmington Police,5-7-2022 2:35 PM
6,Map it,,DAMAGE/PRIVATE PROPERTY,,1900 BLOCK S PROSPECT RD,Wilmington Police,5-7-2022 11:31 AM
7,Map it,,LARCENY/FROM ALL OTHER YARDS,,400 BLOCK N RODNEY ST,Wilmington Police,5-7-2022 10:41 AM
8,Map it,,LARCENY/FROM VEHICLE/NOT ATTACHED,,200 BLOCK NW SIXTH AVE,Wilmington Police,5-7-2022 9:06 AM
9,Map it,,FRAUD/ILLEGAL USE OF CREDIT CARDS,,000 BLOCK NE BANCROFT PKY,Wilmington Police,5-7-2022 8:01 AM
10,Map it,,DRIVING UNDER THE INFLUENCE/LIQUOR/DRUGS,,ON SOUTHBOUND VIETNAM VETERANS MEMORIAL HIGHWAY I495 73.78 F,Delaware State Police,5-7-2022 4:11 AM
11,Map it,,DRIVING UNDER THE INFLUENCE/LIQUOR,,ON E. NEWPORT PIKE SR4 13.37 FEET NORTH EAST FROM MIDDLEBOR,Delaware State Police,5-7-2022 1:27 AM
12,Map it,,DAMAGE/PRIVATE PROPERTY,,700 BLOCK SW DOUGLAS ST,Wilmington Police,5-7-2022 1:11 AM
13,Map it,,DAMAGE/PRIVATE PROPERTY,,2800 BLOCK TATNALL ST,Wilmington Police,5-7-2022 12:40 AM
14,Map it,,DAMAGE/BUSINESS PROPERTY,,1200 BLOCK NW LINCOLN ST,Wilmington Police,5-6-2022 8:44 PM
0,Map it,,THEFT/FALSE PRETENSE OR PROMISE,,1200 BLOCK S CENERVILLE RD,Delaware State Police,5-6-2022 7:43 PM
1,Map it,,DAMAGE/PRIVATE PROPERTY,,1800 BLOCK NW W. TENTH ST,Wilmington Police,5-6-2022 7:12 PM
2,Map it,,LARCENY/FROM BUILDING,,900 BLOCK S ANCHORAGE ST,Wilmington Police,5-6-2022 6:49 PM
3,Map it,,DAMAGE/PRIVATE PROPERTY,,3300 BLOCK S JEFFERSON ST,Wilmington Police,5-6-2022 6:03 PM
4,Map it,,SIMPLE ASSAULT/NON-FAMILY/OTHER ASSAULTS/NON-AGGRAVATED,,200 BLOCK S 14TH ST,Wilmington Police,5-6-2022 4:19 PM
5,Map it,,AGGRAVATED ASSAULT/NON-FAMILY STRONG-ARM/HANDS/FIST/FEET,,3800 BLOCK LANCASTER PIKE,Delaware State Police,5-6-2022 4:03 PM
6,Map it,,VEHICLE THEFT LOCALLY STOLEN-LOCALLY RECOVER,,N. SHIPLEY ST & BURTON PL,Wilmington Police,5-6-2022 2:33 PM
7,Map it,,DAMAGE/PRIVATE PROPERTY,,1100 BLOCK N WEST ST,Wilmington Police,5-6-2022 8:30 AM
8,Map it,,LARCENY/FROM VEHICLE/NOT ATTACHED,,1100 BLOCK N WEST ST,Wilmington Police,5-6-2022 7:54 AM
9,Map it,,DAMAGE/PUBLIC PROPERTY,,700 BLOCK 34TH ST,Wilmington Police,5-6-2022 7:30 AM
10,Map it,,DAMAGE/PRIVATE PROPERTY,,1100 BLOCK NW SECOND ST,Wilmington Police,5-6-2022 12:46 AM
11,Map it,,LARCENY/FROM ALL OTHER YARDS,,500 BLOCK N 9TH ST,Wilmington Police,5-5-2022 8:38 PM
12,Map it,,LARCENY/FROM VEHICLE/NOT ATTACHED,,1200 BLOCK N THATCHER ST,Wilmington Police,5-5-2022 8:17 PM
13,Map it,,AGGRAVATED ASSAULT/NON-FAMILY KNIFE/CUTTING INSTRUMENT,,PINE ST & E. EIGHTH ST,Wilmington Police,5-5-2022 7:51 PM
14,Map it,,CARRYING A CONCEALED DEADLY WEAPON/DEADLY INSTRUMENT/CCDW/CCDI,,1000 BLOCK N MADISON ST,Wilmington Police,5-5-2022 6:25 PM
0,Map it,,DAMAGE/BUSINESS PROPERTY,,PINE N ST & 23RD ST,Wilmington Police,5-5-2022 4:28 PM
1,Map it,,FRAUD/ILLEGAL USE OF CREDIT CARDS,,2000 BLOCK WASHINGTON ST,Wilmington Police,5-5-2022 4:03 PM
2,Map it,,DAMAGE/PRIVATE PROPERTY,,THATCHER ST & SIXTEENTH ST,Wilmington Police,5-5-2022 2:48 PM
3,Map it,,OFFENSIVE TOUCHING/OTHER ASSAULTS/NON-AGGRAVATED,,700 BLOCK 34TH ST,Wilmington Police,5-5-2022 1:00 PM
4,Map it,,DAMAGE/PRIVATE PROPERTY,,300 BLOCK FIFTH ST,Wilmington Police,5-5-2022 12:05 PM
5,Map it,,LARCENY/FROM VEHICLE/NOT ATTACHED,,2500 BLOCK SW MARKET ST,Wilmington Police,5-5-2022 11:00 AM
6,Map it,,LARCENY/FROM VEHICLE/NOT ATTACHED,,700 BLOCK S ORANGE ST,Wilmington Police,5-5-2022 7:34 AM
7,Map it,,IMPERSONATION,,GOVERNOR PRINTZ BOULEVARD,Delaware State Police,5-5-2022 7:22 AM
8,Map it,,LARCENY/FROM BUILDING,,900 BLOCK SPRUCE ST,Wilmington Police,5-5-2022 1:40 AM
9,Map it,,ROBBERY/CARJACKING/GUN HIGHWAY/STREET/ALLEY,,1300 BLOCK ANCHORAGE ST,Wilmington Police,5-5-2022 12:16 AM
10,Map it,,DAMAGE/PRIVATE PROPERTY,,1600 BLOCK 10TH ST,Wilmington Police,5-4-2022 7:49 PM
11,Map it,,DAMAGE/PRIVATE PROPERTY,,1900 BLOCK ELM ST,Wilmington Police,5-4-2022 7:42 PM
12,Map it,,LARCENY/SHOPLIFTING,,3000 BLOCK S NEW CASTLE AVE,Delaware State Police,5-4-2022 5:02 PM
13,Map it,,OFFENSIVE TOUCHING/OTHER ASSAULTS/NON-AGGRAVATED,,900 BLOCK ORANGE ST,Wilmington Police,5-4-2022 4:50 PM
14,Map it,,DAMAGE/PRIVATE PROPERTY,,300 BLOCK CLAYTON ST,Wilmington Police,5-4-2022 4:23 PM
0,Map it,,AGGRAVATED ASSAULT/NON-FAMILY KNIFE/CUTTING INSTRUMENT,,100 BLOCK WALNUT ST,Wilmington Police,5-4-2022 3:11 PM
1,Map it,,LARCENY/FROM VEHICLE/NOT ATTACHED,,1000 BLOCK BROOM ST,Wilmington Police,5-4-2022 2:32 PM
2,Map it,,LARCENY/FROM BUILDING,,3800 BLOCK NE DUPONT PKY,Delaware State Police,5-4-2022 10:08 AM
3,Map it,,ROBBERY/CARJACKING/GUN HIGHWAY/STREET/ALLEY,,800 BLOCK SW BROOM ST,Wilmington Police,5-4-2022 9:17 AM
4,Map it,,VEHICLE THEFT LOCALLY STOLEN-LOCALLY RECOVER,,700 BLOCK NE HARRISON ST,Wilmington Police,5-4-2022 7:58 AM
5,Map it,,LARCENY/FROM VEHICLE/NOT ATTACHED,,2700 BLOCK SPEAKMAN PL,Wilmington Police,5-4-2022 7:03 AM
6,Map it,,DRIVING UNDER THE INFLUENCE/LIQUOR,,ON SOUTHBOUND NORTHEAST BOULEVARD US13 824.60 FEET EAST FRO,Delaware State Police,5-4-2022 1:25 AM
7,Map it,,THEFT/FALSE PRETENSE OR PROMISE,,1200 BLOCK CENTERVILLE RD,Delaware State Police,5-3-2022 8:07 PM
8,Map it,,VEHICLE THEFT LOCALLY STOLEN-LOCALLY RECOVER,,300 BLOCK MADISON ST,Wilmington Police,5-3-2022 8:03 PM
9,Map it,,OFFENSIVE TOUCHING/OTHER ASSAULTS/NON-AGGRAVATED,,900 BLOCK CENTRE RD,Delaware State Police,5-3-2022 6:19 PM
10,Map it,,DRIVING UNDER THE INFLUENCE/DRUGS,,ON NEWPORT GAP PIKE SR62 69.23 FEET SOUTH EAST FROM ELIZABE,Delaware State Police,5-3-2022 5:25 PM
11,Map it,,LARCENY/FROM VEHICLE/NOT ATTACHED,,100 BLOCK NE LINCOLN ST,Wilmington Police,5-3-2022 4:40 PM
12,Map it,,LARCENY/FROM BUILDING,,2700 BLOCK HARRISON ST,Wilmington Police,5-3-2022 3:38 PM
13,Map it,,THEFT/FALSE PRETENSE OR PROMISE,,1200 BLOCK CENTERVILLE,Delaware State Police,5-3-2022 2:45 PM
14,Map it,,THEFT/FALSE PRETENSE OR PROMISE,,1200 BLOCK S CENTERVILLE RD,Delaware State Police,5-3-2022 2:24 PM
0,Map it,,LARCENY/SHOPLIFTING,,3200 BLOCK KIRKWOOD HWY,Delaware State Police,5-3-2022 2:09 PM
1,Map it,,THEFT/BUS/TRUCK,,4000 BLOCK S NEW CASTLE AVE,Delaware State Police,5-3-2022 1:46 PM
2,Map it,,HARASSING COMMUNICATION/PHONE/WIRE/MAIL ONLY,,ORANGE SW ST & W. EIGHTH ST,Wilmington Police,5-3-2022 9:37 AM
3,Map it,,DAMAGE/PRIVATE PROPERTY,,200 BLOCK NE DELAMORE PL,Wilmington Police,5-3-2022 7:24 AM
4,Map it,,VEHICLE THEFT LOCALLY STOLEN-RECOVERED OTHER,,1000 BLOCK DELAWARE AVE,Wilmington Police,5-3-2022 5:46 AM
5,Map it,,DRIVING UNDER THE INFLUENCE/LIQUOR,,ON WESTBOUND PARK PLACE 23.76 FEET NORTH WEST FROM WITHI,Wilmington Police,5-2-2022 11:50 PM
6,Map it,,DISORDERLY CONDUCT/LIQUOR INVOLVEMENT,,600 BLOCK FRANKLIN ST,Wilmington Police,5-2-2022 11:26 PM
7,Map it,,BURGLARY/NO FORCED ENTRY/NONRESIDENCE,,3500 BLOCK MARKET ST,Wilmington Police,5-2-2022 11:21 PM
8,Map it,,DAMAGE/PRIVATE PROPERTY,,4000 BLOCK N NEW CASTLE AVE,Delaware State Police,5-2-2022 9:31 PM
9,Map it,,LARCENY/FROM ALL OTHER YARDS,,100 BLOCK WALNUT ST,Wilmington Police,5-2-2022 8:09 PM
10,Map it,,AGGRAVATED ASSAULT/POLICE OFFICER OTHER DANGEROUS WEAPON,,1100 BLOCK SE MAPLE ST,Wilmington Police,5-2-2022 8:08 PM
11,Map it,,AGGRAVATED ASSAULT/NON-FAMILY STRONG-ARM/HANDS/FIST/FEET,,300 BLOCK 8TH AVE,Wilmington Police,5-2-2022 6:48 PM
12,Map it,,INTIMIDATION/RECKLESS ENDANGER/TERRORISTIC THREAT/HARASSMENT/OTHER ASSAULTS/NON-AGGRAVATED,,2600 BLOCK NE CLAYMONT ST,Wilmington Police,5-2-2022 6:00 PM
13,Map it,,DAMAGE/PRIVATE PROPERTY,,100 BLOCK 26TH ST,Wilmington Police,5-2-2022 4:44 PM
14,Map it,,ROBBERY/CARJACKING/GUN HIGHWAY/STREET/ALLEY,,500 BLOCK WALNUT ST,Wilmington Police,5-2-2022 4:36 PM
0,Map it,,LARCENY/VEHICLE PARTS/FROM AUTO/ATTACHED,,3600 BLOCK MARKET ST,Wilmington Police,5-2-2022 3:17 PM
1,Map it,,DISORDERLY CONDUCT/UNRELATED TO LIQUOR,,700 BLOCK 34TH ST,Wilmington Police,5-2-2022 3:00 PM
2,Map it,,VEHICLE THEFT LOCALLY STOLEN-LOCALLY RECOVER,,500 BLOCK NE UNION ST,Wilmington Police,5-2-2022 2:47 PM
3,Map it,,BURGLARY/FORCED ENTRY/RESIDENCE,,100 BLOCK WEST ST,Wilmington Police,5-2-2022 2:43 PM
4,Map it,,POSSESSION OF WEAPON,,800 BLOCK KIRKWOOD ST,Wilmington Police,5-2-2022 2:05 PM
5,Map it,,LARCENY/SHOPLIFTING,,600 BLOCK MARYLAND AVE,Delaware State Police,5-2-2022 10:44 AM
6,Map it,,LARCENY/FROM VEHICLE/NOT ATTACHED,,1200 BLOCK LOCUST ST,Wilmington Police,5-2-2022 9:22 AM
7,Map it,,VEHICLE THEFT LOCALLY STOLEN-LOCALLY RECOVER,,900 BLOCK VANDEVER AVE,Wilmington Police,5-2-2022 3:19 AM
8,Map it,,DAMAGE/PRIVATE PROPERTY,,300 BLOCK SW COMPTON CT,Wilmington Police,5-2-2022 2:29 AM
9,Map it,,DRIVING UNDER THE INFLUENCE/LIQUOR,,ON NEWPORT GAP PIKE SR62 876.82 FEET SOUTH EAST FROM WILSON,Delaware State Police,5-2-2022 1:04 AM
10,Map it,,"ROBBERY/CARJACKING/STRONG-ARM COMMERCIAL HOUSE(EXCEPT C,D,F)",,1000 BLOCK DELAWARE AVE,Wilmington Police,5-2-2022 12:10 AM
11,Map it,,OFFENSIVE TOUCHING/OTHER ASSAULTS/NON-AGGRAVATED,,400 BLOCK 5TH ST,Wilmington Police,5-1-2022 10:30 PM
12,Map it,,VEHICLE THEFT,,500 BLOCK LINCOLN ST,Wilmington Police,5-1-2022 6:40 PM
13,Map it,,VEHICLE THEFT,,I-495 HWY & TERMINAL AVE,Delaware State Police,5-1-2022 3:27 PM
14,Map it,,LARCENY/FROM ALL OTHER YARDS,,1200 BLOCK CENTERVILLE RD,Delaware State Police,5-1-2022 3:22 PM
0,Map it,,OFFENSIVE TOUCHING/OTHER ASSAULTS/NON-AGGRAVATED,,700 BLOCK CLAYTON ST,Wilmington Police,5-1-2022 12:12 PM
1,Map it,,LARCENY/FROM VEHICLE/NOT ATTACHED,,400 BLOCK NW DELAWARE AVE,Wilmington Police,5-1-2022 10:56 AM
2,Map it,,VEHICLE THEFT,,400 BLOCK N MARTIN LUTHER KING BLVD,Wilmington Police,5-1-2022 9:30 AM
3,Map it,,VEHICLE THEFT LOCALLY STOLEN-RECOVERED OTHER,,400 BLOCK N SYCAMORE ST,Wilmington Police,5-1-2022 5:53 AM
4,Map it,,ROBBERY/CARJACKING/GUN HIGHWAY/STREET/ALLEY,,1200 BLOCK WALNUT ST,Wilmington Police,4-30-2022 5:34 PM
5,Map it,,VEHICLE THEFT,,3200 BLOCK E KIRKWOOD HWY,Delaware State Police,4-30-2022 2:28 PM
6,Map it,,IMPERSONATION,,700 BLOCK N 6TH ST,Wilmington Police,4-30-2022 2:02 PM
7,Map it,,SIMPLE ASSAULT/NON-FAMILY/OTHER ASSAULTS/NON-AGGRAVATED,,3800 BLOCK GOVERNOR PRINTZ BLVD,Delaware State Police,4-30-2022 12:02 PM
8,Map it,,LARCENY/FROM VEHICLE/NOT ATTACHED,,200 BLOCK N N. SHIPLEY ST,Wilmington Police,4-30-2022 11:55 AM
9,Map it,,IMPERSONATION,,,Wilmington Police,4-30-2022 10:23 AM
10,Map it,,LARCENY/FROM VEHICLE/NOT ATTACHED,,900 BLOCK ADAMS ST,Wilmington Police,4-30-2022 8:05 AM
11,Map it,,BURGLARY/FORCED ENTRY/NONRESIDENCE,,4000 BLOCK NE DUPONT HWY,Delaware State Police,4-30-2022 3:24 AM
12,Map it,,DRIVING UNDER THE INFLUENCE/DRUGS,,ON SOUTHBOUND VIETNAM VETERANS MEMORIAL HIGHWAY I495 193.15,Delaware State Police,4-30-2022 2:22 AM
13,Map it,,DRIVING UNDER THE INFLUENCE/LIQUOR,,ON EASTBOUND KIRKWOOD HIGHWAY SR2 0.21 MILES EAST FROM NEWP,Delaware State Police,4-30-2022 1:42 AM
14,Map it,,BURGLARY/FORCED ENTRY/RESIDENCE,,300 BLOCK HARRISON ST,Wilmington Police,4-30-2022 1:24 AM
0,Map it,,SIMPLE ASSAULT/NON-FAMILY/OTHER ASSAULTS/NON-AGGRAVATED,,600 BLOCK SW PHILADELPHIA PIKE,Delaware State Police,4-29-2022 11:27 PM
1,Map it,,HARASSING COMMUNICATION/PHONE/WIRE/MAIL ONLY,,000 BLOCK BUENA VISTA ST,Wilmington Police,4-29-2022 11:13 PM
2,Map it,,INTIMIDATION/RECKLESS ENDANGER/TERRORISTIC THREAT/HARASSMENT/OTHER ASSAULTS/NON-AGGRAVATED,,800 BLOCK NE ORANGE ST,Wilmington Police,4-29-2022 10:27 PM
3,Map it,,LARCENY/FROM VEHICLE/NOT ATTACHED,,,Wilmington Police,4-29-2022 7:00 PM
4,Map it,,CARRYING A CONCEALED DEADLY WEAPON/DEADLY INSTRUMENT/CCDW/CCDI,,200 BLOCK S 8TH ST,Wilmington Police,4-29-2022 5:52 PM
5,Map it,,AGGRAVATED ASSAULT/NON-FAMILY FIREARM,,2100 BLOCK PINE ST,Wilmington Police,4-29-2022 4:13 PM
6,Map it,,DAMAGE/BUSINESS PROPERTY,,100 BLOCK SE W. EIGHTH ST,Wilmington Police,4-29-2022 3:16 PM
7,Map it,,LARCENY/VEHICLE PARTS/FROM AUTO/ATTACHED,,1200 BLOCK SE DELAWARE AVE,Wilmington Police,4-29-2022 2:49 PM
8,Map it,,LARCENY/FROM VEHICLE/NOT ATTACHED,,800 BLOCK VANDEVER AVE,Wilmington Police,4-29-2022 2:12 PM
9,Map it,,LARCENY/SHOPLIFTING,,3600 BLOCK MILLER RD,Delaware State Police,4-29-2022 1:41 PM
10,Map it,,DAMAGE/PRIVATE PROPERTY,,1700 BLOCK LINDEN ST,Wilmington Police,4-29-2022 1:06 PM
11,Map it,,DISTURBING THE PEACE/PUBLIC NUISANCE,,300 BLOCK 18TH ST,Wilmington Police,4-29-2022 12:30 PM
12,Map it,,DAMAGE/BUSINESS PROPERTY,,200 BLOCK MARKET ST,Wilmington Police,4-29-2022 10:09 AM
13,Map it,,SIMPLE ASSAULT/POLICE OFFICER/OTHER ASSAULTS/NON-AGGRAVATED,,400 BLOCK 4TH ST,Wilmington Police,4-29-2022 9:35 AM
14,Map it,,BURGLARY/NO FORCED ENTRY/RESIDENCE,,1000 BLOCK S SPRUCE ST,Wilmington Police,4-29-2022 8:47 AM
0,Map it,,OFFENSIVE TOUCHING/OTHER ASSAULTS/NON-AGGRAVATED,,700 BLOCK 34TH ST,Wilmington Police,4-29-2022 8:30 AM
1,Map it,,THEFT/FALSE PRETENSE OR PROMISE,,500 BLOCK 14TH ST,Wilmington Police,4-29-2022 7:07 AM
2,Map it,,VEHICLE THEFT LOCALLY STOLEN-LOCALLY RECOVER,,800 BLOCK VANDEVER AVE,Wilmington Police,4-29-2022 2:23 AM
3,Map it,,DAMAGE/PRIVATE PROPERTY,,300 BLOCK N FRANKLIN ST,Wilmington Police,4-28-2022 9:36 PM
4,Map it,,CARRYING PROHIBITED,,1200 BLOCK S 4TH ST,Wilmington Police,4-28-2022 9:13 PM
5,Map it,,DISORDERLY CONDUCT/UNRELATED TO LIQUOR,,1200 BLOCK FOURTH ST,Wilmington Police,4-28-2022 9:13 PM
6,Map it,,POSSESSION OF WEAPON,,300 BLOCK S WALNUT ST,Wilmington Police,4-28-2022 6:01 PM
7,Map it,,AGGRAVATED ASSAULT/NON-FAMILY KNIFE/CUTTING INSTRUMENT,,,Wilmington Police,4-28-2022 5:20 PM
8,Map it,,LARCENY/FROM BUILDING,,200 BLOCK SE SCOTT ST,Wilmington Police,4-28-2022 4:40 PM
9,Map it,,OFFENSIVE TOUCHING/OTHER ASSAULTS/NON-AGGRAVATED,,1800 BLOCK SE LANCASTER AVE,Wilmington Police,4-28-2022 3:57 PM
10,Map it,,LARCENY/FROM VEHICLE/NOT ATTACHED,,700 BLOCK S KING ST,Wilmington Police,4-28-2022 2:09 PM
11,Map it,,DRIVING UNDER THE INFLUENCE/LIQUOR/DRUGS,,ON WESTBOUND TWENTIETH STREET AT THE INTERSECTION OF TATNAL,Wilmington Police,4-28-2022 1:27 PM
12,Map it,,POSSESSION OF WEAPON,,700 BLOCK 34TH ST,Wilmington Police,4-28-2022 12:00 PM
13,Map it,,DAMAGE/PRIVATE PROPERTY,,1000 BLOCK LANCASTER AVE,Wilmington Police,4-28-2022 11:50 AM
14,Map it,,INTIMIDATION/RECKLESS ENDANGER/TERRORISTIC THREAT/HARASSMENT/OTHER ASSAULTS/NON-AGGRAVATED,,600 BLOCK SHIPLEY ST,Wilmington Police,4-28-2022 11:26 AM
0,Map it,,AGGRAVATED ASSAULT/NON-FAMILY OTHER DANGEROUS WEAPON,,2100 BLOCK N PENNSYLVANIA AVE,Wilmington Police,4-28-2022 11:19 AM
1,Map it,,INTIMIDATION/RECKLESS ENDANGER/TERRORISTIC THREAT/HARASSMENT/OTHER ASSAULTS/NON-AGGRAVATED,,1100 BLOCK 7TH ST,Wilmington Police,4-28-2022 10:32 AM
2,Map it,,LARCENY/FROM VEHICLE/NOT ATTACHED,,100 BLOCK N W. SIXTH ST,Wilmington Police,4-28-2022 9:02 AM
3,Map it,,POSSESSION OF WEAPON,,1100 BLOCK 2ND ST,Wilmington Police,4-28-2022 5:12 AM
4,Map it,,INTIMIDATION/RECKLESS ENDANGER/TERRORISTIC THREAT/HARASSMENT/OTHER ASSAULTS/NON-AGGRAVATED,,1300 BLOCK MARKET ST,Wilmington Police,4-28-2022 2:31 AM
5,Map it,,OFFENSIVE TOUCHING/OTHER ASSAULTS/NON-AGGRAVATED,,700 BLOCK ADAMS ST,Wilmington Police,4-27-2022 11:05 PM
6,Map it,,LARCENY/FROM VEHICLE/NOT ATTACHED,,1300 BLOCK SHALLCROSS AVE,Wilmington Police,4-27-2022 9:29 PM
7,Map it,,AGGRAVATED ASSAULT/NON-FAMILY FIREARM,,2300 BLOCK NE PINE ST,Wilmington Police,4-27-2022 9:02 PM
8,Map it,,THEFT/FALSE PRETENSE OR PROMISE,,3100 BLOCK NW CONRAD ST,Wilmington Police,4-27-2022 5:49 PM
9,Map it,,LARCENY/VEHICLE PARTS/FROM AUTO/ATTACHED,,1200 BLOCK ELM ST,Wilmington Police,4-27-2022 5:34 PM
10,Map it,,DAMAGE/PRIVATE PROPERTY,,1100 BLOCK 13TH ST,Wilmington Police,4-27-2022 4:23 PM
11,Map it,,"ROBBERY/CARJACKING/STRONG-ARM HIGHWAY,STREET,ALLEY",,300 BLOCK 39TH ST,Wilmington Police,4-27-2022 3:04 PM
12,Map it,,LARCENY/FROM BUILDING,,300 BLOCK S WALNUT ST,Wilmington Police,4-27-2022 2:59 PM
13,Map it,,LARCENY/BICYCLES,,600 BLOCK SPRUCE ST,Wilmington Police,4-27-2022 2:20 PM
14,Map it,,DAMAGE/PRIVATE PROPERTY,,200 BLOCK S FRANKLIN ST,Wilmington Police,4-27-2022 2:10 PM
0,Map it,,BURGLARY/NO FORCED ENTRY/NONRESIDENCE,,700 BLOCK CLAYTON ST,Wilmington Police,4-27-2022 2:05 PM
1,Map it,,DAMAGE/PRIVATE PROPERTY,,600 BLOCK 7TH ST,Wilmington Police,4-27-2022 1:15 PM
2,Map it,,LARCENY/VEHICLE PARTS/FROM AUTO/ATTACHED,,000 BLOCK S HARRISON ST,Wilmington Police,4-27-2022 1:10 PM
3,Map it,,LARCENY/FROM BUILDING,,900 BLOCK MARKET ST,Wilmington Police,4-27-2022 11:54 AM
4,Map it,,DISORDERLY CONDUCT/UNRELATED TO LIQUOR,,400 BLOCK MARKET ST,Wilmington Police,4-27-2022 9:30 AM
5,Map it,,LARCENY/VEHICLE PARTS/FROM AUTO/ATTACHED,,500 BLOCK N GREENHILL AVE,Wilmington Police,4-27-2022 6:35 AM
6,Map it,,LARCENY/FROM VEHICLE/NOT ATTACHED,,1900 BLOCK N LOVERING AVE,Wilmington Police,4-27-2022 5:29 AM
7,Map it,,BURGLARY/FORCED ENTRY/NONRESIDENCE,,1900 BLOCK N MARKET ST,Wilmington Police,4-27-2022 4:39 AM
8,Map it,,DAMAGE/PRIVATE PROPERTY,,200 BLOCK VAN BUREN ST,Wilmington Police,4-27-2022 3:36 AM
9,Map it,,LARCENY/FROM BUILDING,,1200 BLOCK NE WASHINGTON ST,Wilmington Police,4-27-2022 12:45 AM
10,Map it,,LARCENY/VEHICLE PARTS/FROM AUTO/ATTACHED,,1200 BLOCK NEWPORT PI,Delaware State Police,4-26-2022 8:04 PM
11,Map it,,INTIMIDATION/RECKLESS ENDANGER/TERRORISTIC THREAT/HARASSMENT/OTHER ASSAULTS/NON-AGGRAVATED,,1500 BLOCK N 5TH AVE,Wilmington Police,4-26-2022 7:45 PM
12,Map it,,AGGRAVATED ASSAULT/NON-FAMILY FIREARM,,2300 BLOCK NE MADISON ST,Wilmington Police,4-26-2022 7:35 PM
13,Map it,,ROBBERY/CARJACKING/STRONG-ARM CONVENIENCE STORE,,2000 BLOCK E KIRKWOOD HWY,Delaware State Police,4-26-2022 6:06 PM
14,Map it,,"ROBBERY/CARJACKING/STRONG-ARM HIGHWAY,STREET,ALLEY",,300 BLOCK SE SEVENTH ST,Wilmington Police,4-26-2022 4:41 PM
0,Map it,,LARCENY/FROM ALL OTHER YARDS,,000 BLOCK N 10TH ST,Wilmington Police,4-26-2022 2:51 PM
1,Map it,,DISORDERLY CONDUCT/UNRELATED TO LIQUOR,,2200 BLOCK HESSLER BLVD,Delaware State Police,4-26-2022 2:22 PM
2,Map it,,VEHICLE THEFT,,4000 BLOCK N NEW CASTLE AVE,Delaware State Police,4-26-2022 1:57 PM
3,Map it,,DAMAGE/BUSINESS PROPERTY,,1800 BLOCK S LANCASTER AVE,Wilmington Police,4-26-2022 1:51 PM
4,Map it,,DISORDERLY CONDUCT/UNRELATED TO LIQUOR,,1000 BLOCK MARKET ST,Wilmington Police,4-26-2022 1:06 PM
5,Map it,,POSSESSION OF WEAPON,,400 BLOCK N SPRUCE ST,Wilmington Police,4-26-2022 12:30 PM
6,Map it,,LARCENY/FROM VEHICLE/NOT ATTACHED,,2300 BLOCK WASHINGTON ST,Wilmington Police,4-26-2022 12:08 PM
7,Map it,,THEFT OF SERVICES FROM ALL OTHER YARDS,,4000 BLOCK NE DUPONT PKY,Delaware State Police,4-26-2022 12:08 PM
8,Map it,,LARCENY/FROM VEHICLE/NOT ATTACHED,,1200 BLOCK S 7TH ST,Wilmington Police,4-26-2022 12:07 PM
9,Map it,,OFFENSIVE TOUCHING/OTHER ASSAULTS/NON-AGGRAVATED,,200 BLOCK 14TH ST,Wilmington Police,4-26-2022 10:42 AM
10,Map it,,LARCENY/FROM VEHICLE/NOT ATTACHED,,100 BLOCK 9TH ST,Wilmington Police,4-26-2022 10:31 AM
11,Map it,,"ROBBERY/CARJACKING/KNIFE COMMERCIAL HOUSE(EXCEPT C,D,F)",,3600 BLOCK MILLER RD,Delaware State Police,4-26-2022 8:46 AM
12,Map it,,VEHICLE THEFT LOCALLY STOLEN-LOCALLY RECOVER,,1600 BLOCK 10TH ST,Wilmington Police,4-26-2022 7:30 AM
13,Map it,,CARRYING PROHIBITED,,3000 BLOCK N MARKET ST,Wilmington Police,4-25-2022 9:25 PM
14,Map it,,LARCENY/FROM BUILDING,,2100 BLOCK JESSUP ST,Wilmington Police,4-25-2022 6:05 PM
0,Map it,,AGGRAVATED ASSAULT/NON-FAMILY OTHER DANGEROUS WEAPON,,1800 BLOCK N LANCASTER AVE,Wilmington Police,4-25-2022 5:38 PM
1,Map it,,VEHICLE THEFT LOCALLY STOLEN-LOCALLY RECOVER,,800 BLOCK RODNEY ST,Wilmington Police,4-25-2022 2:44 PM
2,Map it,,OFFENSIVE TOUCHING/OTHER ASSAULTS/NON-AGGRAVATED,,2700 BLOCK MARKET ST,Wilmington Police,4-25-2022 1:52 PM
3,Map it,,BURGLARY/FORCED ENTRY/RESIDENCE,,900 BLOCK S ANCHORAGE ST,Wilmington Police,4-25-2022 1:09 PM
4,Map it,,THEFT/FALSE PRETENSE OR PROMISE,,500 BLOCK VAN BUREN ST,Wilmington Police,4-25-2022 12:52 PM
5,Map it,,THEFT/FALSE PRETENSE OR PROMISE,,2400 BLOCK 6TH ST,Wilmington Police,4-25-2022 11:29 AM
6,Map it,,LARCENY/FROM ALL OTHER YARDS,,400 BLOCK 6TH ST,Wilmington Police,4-25-2022 11:04 AM
7,Map it,,VEHICLE THEFT LOCALLY STOLEN-RECOVERED OTHER,,400 BLOCK 2ND ST,Wilmington Police,4-25-2022 9:44 AM
8,Map it,,LARCENY/SHOPLIFTING,,800 BLOCK MARKET ST,Wilmington Police,4-25-2022 8:58 AM
9,Map it,,LARCENY/FROM VEHICLE/NOT ATTACHED,,1000 BLOCK LANCASTER AVE,Wilmington Police,4-25-2022 8:41 AM
10,Map it,,LARCENY/FROM VEHICLE/NOT ATTACHED,,700 BLOCK 22ND ST,Wilmington Police,4-25-2022 4:53 AM
11,Map it,,DRIVING UNDER THE INFLUENCE/DRUGS,,ON E. NEWPORT PIKE SR4 59.15 FEET NORTH EAST FROM REAMER AV,Delaware State Police,4-25-2022 2:44 AM
12,Map it,,FORCIBLE PURSE SNATCH STREET/ALLEY/HIGHWAY,,1700 BLOCK N 4TH ST,Wilmington Police,4-25-2022 2:30 AM
13,Map it,,DRIVING UNDER THE INFLUENCE/LIQUOR,,ON PRIVATE PROPERTY WITHIN WILMINGTON MUNICIPALITY. 3.50 FEE,Wilmington Police,4-24-2022 10:15 PM
14,Map it,,LARCENY/FROM ALL OTHER YARDS,,700 BLOCK SE 22ND ST,Wilmington Police,4-24-2022 7:40 PM
0,Map it,,AGGRAVATED ASSAULT/NON-FAMILY OTHER DANGEROUS WEAPON,,1200 BLOCK SE ELM ST,Wilmington Police,4-24-2022 7:27 PM
1,Map it,,LARCENY/SHOPLIFTING,,000 BLOCK SE TROLLEY SQ,Wilmington Police,4-24-2022 7:00 PM
2,Map it,,HARASSING COMMUNICATION/PHONE/WIRE/MAIL ONLY,,600 BLOCK WALNUT ST,Wilmington Police,4-24-2022 6:16 PM
3,Map it,,LARCENY/SHOPLIFTING,,500 BLOCK WALNUT ST,Wilmington Police,4-24-2022 5:47 PM
4,Map it,,LARCENY/FROM VEHICLE/NOT ATTACHED,,700 BLOCK NW 37TH ST,Wilmington Police,4-24-2022 4:45 PM
5,Map it,,LARCENY/SHOPLIFTING,,1200 BLOCK SE CENTERVILLE RD,Delaware State Police,4-24-2022 1:57 PM
6,Map it,,DAMAGE/PRIVATE PROPERTY,,2700 BLOCK JESSUP ST,Wilmington Police,4-24-2022 12:39 PM
7,Map it,,THEFT/BUS/TRUCK,,700 BLOCK ROCKFORD RD,Wilmington Police,4-24-2022 12:04 PM
8,Map it,,VEHICLE THEFT LOCALLY STOLEN-LOCALLY RECOVER,,1100 BLOCK SW RODNEY ST,Wilmington Police,4-24-2022 10:46 AM
9,Map it,,BURGLARY/NO FORCED ENTRY/FREE TEXT,,1100 BLOCK N 6TH ST,Wilmington Police,4-24-2022 10:16 AM
10,Map it,,DRIVING UNDER THE INFLUENCE/LIQUOR,,ON NORTHBOUND N. VANBUREN STREET 69.83 FEET SOUTH WEST FRO,Wilmington Police,4-24-2022 9:23 AM
11,Map it,,BURGLARY/FORCED ENTRY/NONRESIDENCE,,1600 BLOCK NW DELAWARE AVE,Wilmington Police,4-24-2022 7:09 AM
12,Map it,,ROBBERY/CARJACKING/GUN GAS OR SERVICE STATION,,300 BLOCK SW WALNUT ST,Wilmington Police,4-24-2022 12:16 AM
13,Map it,,ROBBERY/CARJACKING/GUN HIGHWAY/STREET/ALLEY,,400 BLOCK N FRANKLIN ST,Wilmington Police,4-23-2022 11:42 PM
14,Map it,,BURGLARY/NO FORCED ENTRY/RESIDENCE,,1400 BLOCK PENNSYLVANIA AVE,Wilmington Police,4-23-2022 6:32 PM
0,Map it,,BURGLARY/NO FORCED ENTRY/RESIDENCE,,400 BLOCK S 5TH ST,Wilmington Police,4-23-2022 6:11 PM
1,Map it,,DAMAGE/PRIVATE PROPERTY,,1600 BLOCK DELAWARE AVE,Wilmington Police,4-23-2022 5:55 PM
2,Map it,,BURGLARY/FORCED ENTRY/RESIDENCE,,700 BLOCK N 11TH ST,Wilmington Police,4-23-2022 4:52 PM
3,Map it,,LARCENY/BICYCLES,,2400 BLOCK NW MADISON ST,Wilmington Police,4-23-2022 4:50 PM
4,Map it,,DAMAGE/BUSINESS PROPERTY,,800 BLOCK NW 8TH ST,Wilmington Police,4-23-2022 3:48 PM
5,Map it,,LARCENY/FROM VEHICLE/NOT ATTACHED,,2200 BLOCK WASHINGTON ST,Wilmington Police,4-23-2022 3:13 PM
6,Map it,,AGGRAVATED ASSAULT/NON-FAMILY FIREARM,,800 BLOCK 26TH ST,Wilmington Police,4-23-2022 1:22 PM
7,Map it,,VEHICLE THEFT LOCALLY STOLEN-RECOVERED OTHER,,800 BLOCK SW MARYLAND AVE,Wilmington Police,4-23-2022 12:03 PM
8,Map it,,INTIMIDATION/RECKLESS ENDANGER/TERRORISTIC THREAT/HARASSMENT/OTHER ASSAULTS/NON-AGGRAVATED,,300 BLOCK NE WALNUT ST,Wilmington Police,4-23-2022 11:55 AM
9,Map it,,LARCENY/SHOPLIFTING,,1000 BLOCK NW DELAWARE AVE,Wilmington Police,4-23-2022 10:57 AM
10,Map it,,BURGLARY/FORCED ENTRY/RESIDENCE,,1000 BLOCK NW LANCASTER PIKE,Wilmington Police,4-23-2022 9:47 AM
11,Map it,,LARCENY/FROM ALL OTHER YARDS,,2000 BLOCK NW DELAWARE AVE,Wilmington Police,4-23-2022 9:45 AM
12,Map it,,LARCENY/FROM VEHICLE/NOT ATTACHED,,000 BLOCK S NINTH AVE,Wilmington Police,4-23-2022 9:41 AM
13,Map it,,OFFENSIVE TOUCHING/OTHER ASSAULTS/NON-AGGRAVATED,,800 BLOCK 4TH ST,Wilmington Police,4-23-2022 9:34 AM
14,Map it,,BURGLARY/NO FORCED ENTRY/RESIDENCE,,1100 BLOCK NE PINE ST,Wilmington Police,4-23-2022 6:30 AM
0,Map it,,VEHICLE THEFT LOCALLY STOLEN-LOCALLY RECOVER,,400 BLOCK N WASHINGTON ST,Wilmington Police,4-23-2022 5:35 AM
1,Map it,,DAMAGE/PRIVATE PROPERTY,,2800 BLOCK 2ND ST,Wilmington Police,4-23-2022 2:45 AM
2,Map it,,DRIVING UNDER THE INFLUENCE/LIQUOR,,ON W. EIGHTH STREET 138.53 FEET NORTH WEST FROM N. MONROE,Wilmington Police,4-23-2022 1:49 AM
3,Map it,,VEHICLE THEFT LOCALLY STOLEN-LOCALLY RECOVER,,200 BLOCK S FRANKLIN ST,Wilmington Police,4-23-2022 1:38 AM
4,Map it,,POSSESSION OF WEAPON,,800 BLOCK NW 8TH ST,Wilmington Police,4-22-2022 10:52 PM
5,Map it,,INTIMIDATION/RECKLESS ENDANGER/TERRORISTIC THREAT/HARASSMENT/OTHER ASSAULTS/NON-AGGRAVATED,,200 BLOCK N 30TH ST,Wilmington Police,4-22-2022 6:52 PM
6,Map it,,AGGRAVATED ASSAULT/NON-FAMILY FIREARM,,2300 BLOCK TATNALL ST,Wilmington Police,4-22-2022 6:28 PM
7,Map it,,INTIMIDATION/RECKLESS ENDANGER/TERRORISTIC THREAT/HARASSMENT/OTHER ASSAULTS/NON-AGGRAVATED,,2000 BLOCK NW PENNSYLVANIA AVE,Wilmington Police,4-22-2022 5:30 PM
8,Map it,,POSSESSION OF WEAPON,,2800 BLOCK MARKET ST,Wilmington Police,4-22-2022 4:20 PM
9,Map it,,LARCENY/FROM BUILDING,,100 BLOCK SW BROOM ST,Wilmington Police,4-22-2022 3:13 PM
10,Map it,,DAMAGE/BUSINESS PROPERTY,,400 BLOCK SHEARMAN ST,Wilmington Police,4-22-2022 2:38 PM
11,Map it,,DAMAGE/PRIVATE PROPERTY,,700 BLOCK UNION ST,Wilmington Police,4-22-2022 2:01 PM
12,Map it,,INTIMIDATION/RECKLESS ENDANGER/TERRORISTIC THREAT/HARASSMENT/OTHER ASSAULTS/NON-AGGRAVATED,,2200 BLOCK JESSUP ST,Wilmington Police,4-22-2022 12:00 PM
13,Map it,,LARCENY/VEHICLE PARTS/FROM AUTO/ATTACHED,,100 BLOCK A ST,Wilmington Police,4-22-2022 11:24 AM
14,Map it,,BURGLARY/FORCED ENTRY/RESIDENCE,,2400 BLOCK JESSUP ST,Wilmington Police,4-22-2022 10:54 AM
0,Map it,,LARCENY/FROM ALL OTHER YARDS,,500 BLOCK N HARRISON ST,Wilmington Police,4-22-2022 10:02 AM
1,Map it,,LARCENY/FROM ALL OTHER YARDS,,1400 BLOCK DELMARVA LN,Delaware State Police,4-22-2022 9:50 AM
2,Map it,,VEHICLE THEFT LOCALLY STOLEN-LOCALLY RECOVER,,700 BLOCK S CLAYTON ST,Wilmington Police,4-22-2022 6:49 AM
3,Map it,,DAMAGE/BUSINESS PROPERTY,,300 BLOCK N 9TH ST,Wilmington Police,4-22-2022 6:11 AM
4,Map it,,LARCENY/VEHICLE PARTS/FROM AUTO/ATTACHED,,1800 BLOCK W FAULKLAND RD,Delaware State Police,4-21-2022 6:15 PM
5,Map it,,LARCENY/SHOPLIFTING,,1700 BLOCK FAULKLAND RD,Delaware State Police,4-21-2022 5:35 PM
6,Map it,,DISTURBING THE PEACE/PUBLIC NUISANCE,,2500 BLOCK JESSUP ST,Wilmington Police,4-21-2022 4:38 PM
7,Map it,,LARCENY/SHOPLIFTING,,500 BLOCK WALNUT ST,Wilmington Police,4-21-2022 4:26 PM
8,Map it,,LARCENY/SHOPLIFTING,,4300 BLOCK W GOV PRINTZ BLVD,Delaware State Police,4-21-2022 3:59 PM
9,Map it,,LARCENY/FROM VEHICLE/NOT ATTACHED,,1100 BLOCK FIFTH ST,Wilmington Police,4-21-2022 2:35 PM
10,Map it,,BURGLARY/NO FORCED ENTRY/RESIDENCE,,2800 BLOCK WASHINGTON ST,Wilmington Police,4-21-2022 1:43 PM
11,Map it,,LARCENY/SHOPLIFTING,,TROLLEY SQ,Wilmington Police,4-21-2022 12:24 PM
12,Map it,,LARCENY/VEHICLE PARTS/FROM AUTO/ATTACHED,,1200 BLOCK SW WALNUT ST,Wilmington Police,4-21-2022 12:01 PM
13,Map it,,LARCENY/SHOPLIFTING,,1200 BLOCK CENTERVILLE RD,Delaware State Police,4-21-2022 9:14 AM
14,Map it,,DRIVING UNDER THE INFLUENCE/LIQUOR,,ON EASTBOUND SYCAMORE STREET 30.37 FEET NORTH WEST FROM S.,Wilmington Police,4-21-2022 12:34 AM
0,Map it,,POSSESSION OF WEAPON,,17TH / THATCHER N ST & THATCHER ST,Wilmington Police,4-20-2022 7:36 PM
1,Map it,,FRAUD/ILLEGAL USE OF CREDIT CARDS,,800 BLOCK DUPONT ST,Wilmington Police,4-20-2022 5:59 PM
2,Map it,,LARCENY/VEHICLE PARTS/FROM AUTO/ATTACHED,,100 BLOCK S A ST,Wilmington Police,4-20-2022 5:47 PM
3,Map it,,LARCENY/SHOPLIFTING,,3200 BLOCK KIRKWOOD HW,Delaware State Police,4-20-2022 5:46 PM
4,Map it,,DAMAGE/PRIVATE PROPERTY,,MADISON ST / HARLAN N BLVD & HARLAN BLVD,Wilmington Police,4-20-2022 5:19 PM
5,Map it,,LARCENY/VEHICLE PARTS/FROM AUTO/ATTACHED,,1200 BLOCK SIXTEENTH ST,Wilmington Police,4-20-2022 2:55 PM
6,Map it,,VEHICLE THEFT LOCALLY STOLEN-LOCALLY RECOVER,,1200 BLOCK N 16TH ST,Wilmington Police,4-20-2022 1:19 PM
7,Map it,,LARCENY/SHOPLIFTING,,700 BLOCK NE N. MARKET ST,Wilmington Police,4-20-2022 12:34 PM
8,Map it,,LARCENY/FROM BUILDING,,4000 BLOCK N DUPONT HWY,Delaware State Police,4-20-2022 11:53 AM
9,Map it,,LARCENY/VEHICLE PARTS/FROM AUTO/ATTACHED,,800 BLOCK PHILADELPHIA PIKE,Delaware State Police,4-20-2022 11:50 AM
10,Map it,,AGGRAVATED ASSAULT/NON-FAMILY KNIFE/CUTTING INSTRUMENT,,3400 BLOCK W LANCASTER PIKE,Delaware State Police,4-20-2022 11:49 AM
11,Map it,,INTIMIDATION/RECKLESS ENDANGER/TERRORISTIC THREAT/HARASSMENT/OTHER ASSAULTS/NON-AGGRAVATED,,2500 BLOCK N JESSUP ST,Wilmington Police,4-20-2022 9:31 AM
12,Map it,,LARCENY/FROM VEHICLE/NOT ATTACHED,,300 BLOCK 2ND ST,Wilmington Police,4-20-2022 7:43 AM
13,Map it,,DISTURBING THE PEACE/PUBLIC NUISANCE,,2500 BLOCK NE JESSUP ST,Wilmington Police,4-20-2022 7:10 AM
14,Map it,,LARCENY/FROM VEHICLE/NOT ATTACHED,,1200 BLOCK SE CHESTNUT ST,Wilmington Police,4-20-2022 5:17 AM
